TDSFU Daily run: Mon Oct 27 06:43:57 UTC 2025 TDSFU
TDSFU Daily run: Tue Oct 28 04:37:51 UTC 2025 TDSFU
TDSFU Daily run: Wed Oct 29 04:42:18 UTC 2025 TDSFU
TDSFU Daily run: Thu Oct 30 04:37:07 UTC 2025 TDSFU
TDSFU Daily run: Fri Oct 31 04:39:53 UTC 2025 TDSFU
TDSFU Daily run: Sat Nov  1 04:34:16 UTC 2025 TDSFU
TDSFU Daily run: Sun Nov  2 04:37:07 UTC 2025 TDSFU
TDSFU Daily run: Mon Nov  3 04:43:07 UTC 2025 TDSFU
TDSFU Daily run: Tue Nov  4 04:37:52 UTC 2025 TDSFU
TDSFU Daily run: Wed Nov  5 04:37:59 UTC 2025 TDSFU
TDSFU Daily run: Thu Nov  6 04:42:33 UTC 2025 TDSFU
TDSFU Daily run: Fri Nov  7 04:37:22 UTC 2025 TDSFU
TDSFU Daily run: Sat Nov  8 04:36:08 UTC 2025 TDSFU
TDSFU Daily run: Sun Nov  9 04:35:56 UTC 2025 TDSFU
TDSFU Daily run: Mon Nov 10 04:41:55 UTC 2025 TDSFU
TDSFU Daily run: Tue Nov 11 04:40:16 UTC 2025 TDSFU
